sad,adas,asda,asdasdas,;jlakjsd,asdsa,asdas
asda,adfas,hkjhkjh,kjhkh,khkh,khkjh,khk
sad,adas,asda,asdasdas,;jlakjsd,asdsa,asdas
asda,adfas,hkjhkjh,kjhkh,khkh,khkjh,khk
sad,adas,asda,asdasdas,;jlakjsd,asdsa,asdas
asda,adfas,hkjhkjh,kjhkh,khkh,khkjh,khk
sad,adas,asda,asdasdas,;jlakjsd,asdsa,asdas
asda,adfas,hkjhkjh,kjhkh,khkh,khkjh,khk
sad,adas,asda,asdasdas,;jlakjsd,asdsa,asdas
asda,adfas,hkjhkjh,kjhkh,khkh,khkjh,khk
sad,adas,asda,asdasdas,;jlakjsd,asdsa,asdas
asda,adfas,hkjhkjh,kjhkh,khkh,khkjh,khk
sad,adas,asda,asdasdas,;jlakjsd,asdsa,asdas
asda,adfas,hkjhkjh,kjhkh,khkh,khkjh,khk
sad,adas,asda,asdasdas,;jlakjsd,asdsa,asdas
asda,adfas,hkjhkjh,kjhkh,khkh,khkjh,khk
